country_name,region,income_group,year,n_imputed,availability,access,utilisation,score_equal,score_pca,score,rank_equal,rank_pca,rank,risk_band,cluster,cluster_name
Afghanistan,"Middle East, North Africa, Afghanistan & Pakistan",Low income,2021,0,0.8498181250970323,0.6822332121425775,0.7569210314666673,0.762990789568759,0.7733380850391558,0.7681644373039573,23,27,24,High,1,Balanced cohort - no dominant bottleneck
Angola,Sub-Saharan Africa ,Lower middle income,2021,0,0.8572287833367835,0.9460260423597577,0.8881725454336135,0.8971424570433849,0.8914402201392518,0.8942913385913184,2,5,4,Severe,1,Balanced cohort - no dominant bottleneck
Albania,Europe & Central Asia,Upper middle income,2021,0,0.39126533848855055,0.5024162502291966,0.11907996468894667,0.33758718446889796,0.26700641178172896,0.30229679812531346,117,116,116,Moderate,2,"Access-bottlenecked cohort (+0.11), relatively strong on utilisation (-0.19)"
United Arab Emirates,"Middle East, North Africa, Afghanistan & Pakistan",High income,2021,1,0.20680345572354214,0.0998478846693215,0.09028452835132367,0.13231195624806244,0.11667524763735757,0.12449360194271,168,158,164,Low,1,Balanced cohort - no dominant bottleneck
Argentina,Latin America & Caribbean ,Upper middle income,2021,2,0.323308668559984,0.6460385091625793,0.10086694101626197,0.3567380395796084,0.23826047390749336,0.2974992567435509,112,122,119,Moderate,2,"Access-bottlenecked cohort (+0.11), relatively strong on utilisation (-0.19)"
Armenia,Europe & Central Asia,Upper middle income,2021,0,0.6113907031547297,0.5857135119150886,0.1443057806769216,0.4471366652489133,0.32433090823163957,0.3857337867402765,87,102,95,Moderate,2,"Access-bottlenecked cohort (+0.11), relatively strong on utilisation (-0.19)"
Antigua and Barbuda,Latin America & Caribbean ,High income,2021,3,0.6028323532681786,0.31278064427607477,0.15461938978232054,0.356744129108858,0.26800572653990995,0.312374927824384,111,115,112,Moderate,0,"Availability-bottlenecked cohort (+0.22), relatively strong on utilisation (-0.13)"
Australia,East Asia & Pacific,High income,2021,0,0.45326779156227,0.06491894798570785,0.019304832624856442,0.17916385739094476,0.09448694801350936,0.13682540270222707,153,166,159,Low,0,"Availability-bottlenecked cohort (+0.22), relatively strong on utilisation (-0.13)"
Austria,Europe & Central Asia,High income,2021,1,0.08804812825472896,0.10809743525574206,0.06542235222298869,0.08718930524448658,0.0755192428904257,0.08135427406745614,174,171,173,Low,1,Balanced cohort - no dominant bottleneck
Azerbaijan,Europe & Central Asia,Upper middle income,2021,1,0.425801690850543,0.6107013669669082,0.23249805766419987,0.42300037182721706,0.3572385484108366,0.3901194601190268,95,90,94,Moderate,2,"Access-bottlenecked cohort (+0.11), relatively strong on utilisation (-0.19)"
Burundi,Sub-Saharan Africa ,Low income,2021,1,0.8859099967296168,0.8230664848929757,0.8592755730150082,0.8560840182125337,0.8717810131962864,0.86393251570441,10,7,8,Severe,1,Balanced cohort - no dominant bottleneck
Belgium,Europe & Central Asia,High income,2021,0,0.03608375311357481,0.09943666742978026,0.04428278370080432,0.05993440141471979,0.05245468119290739,0.056194541303813586,176,176,176,Low,1,Balanced cohort - no dominant bottleneck
Benin,Sub-Saharan Africa ,Lower middle income,2021,0,0.7114348792374893,0.5787365305337066,0.8713706095590709,0.7205140064434222,0.7976517818311682,0.7590828941372952,32,21,26,High,1,Balanced cohort - no dominant bottleneck
Burkina Faso,Sub-Saharan Africa ,Low income,2021,0,0.7751147354082115,0.6692653903382855,0.7906147945728225,0.7449983067731064,0.7799793127720657,0.762488809772586,29,24,25,High,1,Balanced cohort - no dominant bottleneck
Bangladesh,South Asia,Lower middle income,2021,0,0.5787871931507864,0.6450272328820519,0.5382404313994242,0.5873516191440875,0.5848386555484254,0.5860951373462564,49,47,49,Elevated,1,Balanced cohort - no dominant bottleneck
Bulgaria,Europe & Central Asia,High income,2021,0,0.4465656868955997,0.3530442806337665,0.19920447801990396,0.3329381485164234,0.27961758763383665,0.30627786807513,119,112,114,Moderate,2,"Access-bottlenecked cohort (+0.11), relatively strong on utilisation (-0.19)"
Bahrain,"Middle East, North Africa, Afghanistan & Pakistan",High income,2021,2,0.12580993520518363,0.18949155962611605,0.1074768766456321,0.14092612382564393,0.13536577994523116,0.13814595188543755,164,152,158,Low,1,Balanced cohort - no dominant bottleneck
"Bahamas, The",Latin America & Caribbean ,High income,2021,4,0.2462302656593059,0.22387161438571088,0.13674310743911025,0.202281662494709,0.1754409226406631,0.18886129256768605,150,143,148,Low,1,Balanced cohort - no dominant bottleneck
Bosnia and Herzegovina,Europe & Central Asia,Upper middle income,2021,1,0.3845730815204007,0.42179014706405143,0.1801803268147315,0.3288478517997279,0.2785368397716322,0.30369234578568005,121,113,115,Moderate,2,"Access-bottlenecked cohort (+0.11), relatively strong on utilisation (-0.19)"
Belarus,Europe & Central Asia,Upper middle income,2021,0,0.47644358299822354,0.5232020913580436,0.05263357518387599,0.3507597498467144,0.2219066268347089,0.28633318834071164,113,130,122,Moderate,2,"Access-bottlenecked cohort (+0.11), relatively strong on utilisation (-0.19)"
Belize,Latin America & Caribbean ,Upper middle income,2021,0,0.5336422184507823,0.44656562838867675,0.29510518743691055,0.4251043447587899,0.3775173168148153,0.40131083078680263,93,86,90,Moderate,2,"Access-bottlenecked cohort (+0.11), relatively strong on utilisation (-0.19)"
Bolivia,Latin America & Caribbean ,Lower middle income,2021,0,0.832867577842469,0.4632063727861753,0.3635506808206115,0.5532082104830852,0.48163152479038324,0.5174198676367342,61,63,61,Elevated,0,"Availability-bottlenecked cohort (+0.22), relatively strong on utilisation (-0.13)"
Brazil,Latin America & Caribbean ,Upper middle income,2021,0,0.3484508396704123,0.4912284660470471,0.15908532586437826,0.33292154386061257,0.26022863014443515,0.2965750870025239,120,120,120,Moderate,2,"Access-bottlenecked cohort (+0.11), relatively strong on utilisation (-0.19)"
Barbados,Latin America & Caribbean ,High income,2021,1,0.5557384108689014,0.2753933314273151,0.11328679550398348,0.3148061792667333,0.22413192418351344,0.26946905172512337,124,126,126,Moderate,0,"Availability-bottlenecked cohort (+0.22), relatively strong on utilisation (-0.13)"
Brunei Darussalam,East Asia & Pacific,High income,2021,3,0.5923188923585826,0.19930489514253433,0.13209952889569684,0.3079077721322713,0.22402472731582884,0.26596624972405003,126,127,127,Moderate,0,"Availability-bottlenecked cohort (+0.22), relatively strong on utilisation (-0.13)"
Bhutan,South Asia,Lower middle income,2021,1,0.6333866476985713,0.7065522918476245,0.41513163970424555,0.5850235264168138,0.5306306703660181,0.557827098391416,50,56,55,Elevated,2,"Access-bottlenecked cohort (+0.11), relatively strong on utilisation (-0.19)"
Botswana,Sub-Saharan Africa ,Upper middle income,2021,0,0.8795896328293736,0.5140057395389118,0.4817106589121211,0.6251020104268022,0.5552245136258621,0.5901632620263322,44,53,46,Elevated,0,"Availability-bottlenecked cohort (+0.22), relatively strong on utilisation (-0.13)"
Central African Republic,Sub-Saharan Africa ,Low income,2021,0,1.0,0.7442760669576559,0.9341390745152989,0.8928050471576516,0.9263006738017269,0.9095528604796892,3,3,2,Severe,1,Balanced cohort - no dominant bottleneck
Canada,North America,High income,2021,1,0.37263306872291707,0.11187676650260091,0.06249980646569445,0.18233654723040416,0.11774995094363011,0.15004324908701713,152,157,154,Low,0,"Availability-bottlenecked cohort (+0.22), relatively strong on utilisation (-0.13)"
Switzerland,Europe & Central Asia,High income,2021,1,0.3237755470278116,0.013699794404903064,0.08114333321583782,0.13953955821618416,0.10535735889599603,0.1224484585560901,166,163,166,Low,0,"Availability-bottlenecked cohort (+0.22), relatively strong on utilisation (-0.13)"
Chile,Latin America & Caribbean ,High income,2021,0,0.3463162149298307,0.35941754773357865,0.1081037768449743,0.27127917983612787,0.20620980472667613,0.238744492281402,131,135,131,Moderate,2,"Access-bottlenecked cohort (+0.11), relatively strong on utilisation (-0.19)"
China,East Asia & Pacific,Upper middle income,2021,3,0.21729833537628906,0.39482739770427216,0.1245494157712705,0.24555838295061058,0.2142085761957797,0.22988347957319516,140,132,135,Low,2,"Access-bottlenecked cohort (+0.11), relatively strong on utilisation (-0.19)"
Cameroon,Sub-Saharan Africa ,Lower middle income,2021,0,0.6474211627578479,0.5891144659174008,0.7657902796236288,0.6674419694329591,0.7241788492858819,0.6958104093594205,36,33,35,High,1,Balanced cohort - no dominant bottleneck
"Congo, Dem. Rep.",Sub-Saharan Africa ,Low income,2021,1,0.9954231679415548,0.7384426828427206,0.9906329536445947,0.9081662681429568,0.9557271833595663,0.9319467257512615,1,1,1,Severe,1,Balanced cohort - no dominant bottleneck
"Congo, Rep.",Sub-Saharan Africa ,Lower middle income,2021,0,0.9950958539132029,0.5411224276970185,0.6858235473456072,0.7406806096519428,0.7230331149803481,0.7318568623161454,30,34,32,High,0,"Availability-bottlenecked cohort (+0.22), relatively strong on utilisation (-0.13)"
Colombia,Latin America & Caribbean ,Upper middle income,2021,0,0.4371438995688583,0.43854071157706387,0.2605136797547774,0.3787327636335665,0.3362150478223294,0.35747390572794796,105,98,102,Moderate,2,"Access-bottlenecked cohort (+0.11), relatively strong on utilisation (-0.19)"
Comoros,Sub-Saharan Africa ,Lower middle income,2021,2,0.8389448873941123,0.5051558008607794,0.6523179661351978,0.6654728847966965,0.6703766252727161,0.6679247550347063,37,36,37,High,0,"Availability-bottlenecked cohort (+0.22), relatively strong on utilisation (-0.13)"
Cabo Verde,Sub-Saharan Africa ,Upper middle income,2021,0,0.9011879049676026,0.39894231962176274,0.33022654508791915,0.5434522565590948,0.448621472945393,0.4960368647522439,62,64,63,Elevated,0,"Availability-bottlenecked cohort (+0.22), relatively strong on utilisation (-0.13)"
Costa Rica,Latin America & Caribbean ,High income,2021,0,0.5322216755677349,0.3694715764655125,0.19709749905207608,0.3662635836951078,0.30110138389737007,0.33368248379623894,109,107,107,Moderate,0,"Availability-bottlenecked cohort (+0.22), relatively strong on utilisation (-0.13)"
Cuba,Latin America & Caribbean ,Upper middle income,2021,3,0.645965527286534,0.4597525409151176,0.22853292549349322,0.4447503312317149,0.35511547319232145,0.39993290221201816,88,91,91,Moderate,0,"Availability-bottlenecked cohort (+0.22), relatively strong on utilisation (-0.13)"
Cyprus,Europe & Central Asia,High income,2021,1,0.7009606960112954,0.20988279753223715,0.10508013665814542,0.338641210067226,0.2273171014686119,0.28297915576791893,116,124,123,Moderate,0,"Availability-bottlenecked cohort (+0.22), relatively strong on utilisation (-0.13)"
Germany,Europe & Central Asia,High income,2021,0,0.12954780556056494,0.10775570067481549,0.050707382451091076,0.09600362956215718,0.07231014011625563,0.0841568848392064,171,173,171,Low,1,Balanced cohort - no dominant bottleneck
Djibouti,"Middle East, North Africa, Afghanistan & Pakistan",Lower middle income,2021,0,0.7341567504478175,0.3402501956189546,0.6173017288120874,0.5639028916262865,0.5796610267682007,0.5717819591972436,57,49,52,Elevated,0,"Availability-bottlenecked cohort (+0.22), relatively strong on utilisation (-0.13)"
Dominica,Latin America & Caribbean ,Upper middle income,2021,4,0.7166347185552859,0.4021511685178644,0.2351500573687334,0.4513119814806279,0.36055386320170746,0.4059329223411677,85,88,86,Elevated,0,"Availability-bottlenecked cohort (+0.22), relatively strong on utilisation (-0.13)"
Denmark,Europe & Central Asia,High income,2021,1,0.19324520802542056,0.03633137928173977,0.03638985538060325,0.0886554808959212,0.058943757649238454,0.07379961927257983,172,174,174,Low,1,Balanced cohort - no dominant bottleneck
Dominican Republic,Latin America & Caribbean ,Upper middle income,2021,0,0.3932271301110944,0.47938284337499265,0.2990456954925345,0.3905518896595405,0.35059204705318575,0.37057196835636314,102,94,99,Moderate,2,"Access-bottlenecked cohort (+0.11), relatively strong on utilisation (-0.19)"
Algeria,"Middle East, North Africa, Afghanistan & Pakistan",Upper middle income,2021,0,0.4597917628151625,0.4955738745058289,0.3082276356309796,0.421197757650657,0.37066995054703245,0.39593385409884474,96,87,92,Moderate,2,"Access-bottlenecked cohort (+0.11), relatively strong on utilisation (-0.19)"
Ecuador,Latin America & Caribbean ,Upper middle income,2021,0,0.681122836069873,0.46496980072141253,0.3419915857255929,0.49602807417229283,0.4464024219791893,0.47121524807574106,73,66,70,Elevated,0,"Availability-bottlenecked cohort (+0.22), relatively strong on utilisation (-0.13)"
"Egypt, Arab Rep.","Middle East, North Africa, Afghanistan & Pakistan",Lower middle income,2021,0,0.2259238376592832,0.5058966851814012,0.2804603600591526,0.33742696096661234,0.32940527277769494,0.33341611687215367,118,101,108,Moderate,1,Balanced cohort - no dominant bottleneck
Spain,Europe & Central Asia,High income,2021,1,0.40811782585353984,0.24013782363246858,0.026951233460095387,0.22506896098203463,0.1373549567390707,0.18121195886055266,146,150,149,Low,0,"Availability-bottlenecked cohort (+0.22), relatively strong on utilisation (-0.13)"
Estonia,Europe & Central Asia,High income,2021,0,0.5095740403101436,0.27803299107861856,0.03939490749143968,0.2756673129600673,0.1674688954398084,0.22156810419993783,129,145,139,Low,0,"Availability-bottlenecked cohort (+0.22), relatively strong on utilisation (-0.13)"
Ethiopia,Sub-Saharan Africa ,Not classified,2021,0,0.7108191259073925,0.9887778026416193,0.8522115661656718,0.8506028315715612,0.8585820187061165,0.8545924251388388,11,12,11,Severe,1,Balanced cohort - no dominant bottleneck
Finland,Europe & Central Asia,High income,2021,0,0.5354428485635132,0.10132649248088754,0.0034813734092800828,0.21341690481789363,0.11069492127683517,0.16205591304736439,148,161,150,Low,0,"Availability-bottlenecked cohort (+0.22), relatively strong on utilisation (-0.13)"
Fiji,East Asia & Pacific,Upper middle income,2021,0,0.5599648126108454,0.5088226268191823,0.296886846616698,0.4552247620155753,0.4105216105126234,0.4328731862640994,82,78,80,Elevated,2,"Access-bottlenecked cohort (+0.11), relatively strong on utilisation (-0.19)"
France,Europe & Central Asia,High income,2021,1,0.1182096476184537,0.1342750981142335,0.013318176616238514,0.08860097411630857,0.058075341054273075,0.07333815758529083,173,175,175,Low,1,Balanced cohort - no dominant bottleneck
Gabon,Sub-Saharan Africa ,Upper middle income,2021,0,0.8185468114661512,0.4575925380185864,0.43626349818882054,0.5708009492245193,0.5202182097195084,0.5455095794720138,54,57,56,Elevated,0,"Availability-bottlenecked cohort (+0.22), relatively strong on utilisation (-0.13)"
United Kingdom,Europe & Central Asia,High income,2021,0,0.21798987993096386,0.12246090985466683,0.07716671886821465,0.13920583621794844,0.10894282724259796,0.1240743317302732,167,162,165,Low,1,Balanced cohort - no dominant bottleneck
Georgia,Europe & Central Asia,Upper middle income,2021,0,0.591199478381619,0.6880351324624487,0.23994162889598583,0.5063920799133512,0.4036385249852478,0.45501530244929955,70,82,75,Elevated,2,"Access-bottlenecked cohort (+0.11), relatively strong on utilisation (-0.19)"
Ghana,Sub-Saharan Africa ,Lower middle income,2021,0,0.5195312016904731,0.6904255777228294,0.6078454846391437,0.605934088017482,0.612861852427574,0.6093979702225281,45,41,43,High,1,Balanced cohort - no dominant bottleneck
Guinea,Sub-Saharan Africa ,Lower middle income,2021,0,0.6500506749982297,0.8195567970171314,0.8414301970007819,0.7703458896720475,0.806042086487246,0.7881939880796467,21,17,21,High,1,Balanced cohort - no dominant bottleneck
"Gambia, The",Sub-Saharan Africa ,Low income,2021,0,0.9074276209534733,0.6193872481800935,0.5993689176173539,0.7087279289169736,0.6609379983495195,0.6848329636332465,33,37,36,High,0,"Availability-bottlenecked cohort (+0.22), relatively strong on utilisation (-0.13)"
Guinea-Bissau,Sub-Saharan Africa ,Low income,2021,0,0.8231052496073097,0.69879901739999,0.8886853861195525,0.8035298843756173,0.8614032446277214,0.8324665645016693,17,11,16,Severe,1,Balanced cohort - no dominant bottleneck
Greece,Europe & Central Asia,High income,2021,0,0.39945932352984703,0.29750126045747083,0.08084705778259632,0.25926921392330476,0.18907377477606058,0.22417149434968267,134,138,138,Low,2,"Access-bottlenecked cohort (+0.11), relatively strong on utilisation (-0.19)"
Guatemala,Latin America & Caribbean ,Upper middle income,2021,0,0.6625625753904769,0.5332156458853657,0.5281295957864169,0.5746359390207533,0.5607574099511543,0.5676966744859537,53,52,53,Elevated,1,Balanced cohort - no dominant bottleneck
Guyana,Latin America & Caribbean ,High income,2021,0,0.28530541732075576,0.44785654475787373,0.21214189240481376,0.3151012848278144,0.28061732211111445,0.29785930346946443,123,111,118,Moderate,2,"Access-bottlenecked cohort (+0.11), relatively strong on utilisation (-0.19)"
"Hong Kong SAR, China",East Asia & Pacific,High income,2021,2,0.6485099378795443,0.09312131765934957,0.01200802550296748,0.25121309368062045,0.13354729153952805,0.19238019261007425,138,153,145,Low,0,"Availability-bottlenecked cohort (+0.22), relatively strong on utilisation (-0.13)"
Honduras,Latin America & Caribbean ,Lower middle income,2021,0,0.7665956632050628,0.5161208252583077,0.41376961937389717,0.5654953692790892,0.5033395008138427,0.5344174350464659,56,61,60,Elevated,0,"Availability-bottlenecked cohort (+0.22), relatively strong on utilisation (-0.13)"
Croatia,Europe & Central Asia,High income,2021,2,0.2581685888660169,0.31430071994010095,0.07913743811524797,0.21720224897378862,0.166814762388331,0.19200850568105982,147,146,146,Low,2,"Access-bottlenecked cohort (+0.11), relatively strong on utilisation (-0.19)"
Haiti,Latin America & Caribbean ,Lower middle income,2021,0,0.9835613075540804,0.8807124196481402,0.7827935989986545,0.8823557754002916,0.8333449036628597,0.8578503395315757,5,15,9,Severe,1,Balanced cohort - no dominant bottleneck
Hungary,Europe & Central Asia,High income,2021,1,0.28651634490672623,0.3439807213901817,0.13961899790191978,0.2567053547329426,0.2083150078690636,0.2325101813010031,136,134,132,Moderate,2,"Access-bottlenecked cohort (+0.11), relatively strong on utilisation (-0.19)"
Indonesia,East Asia & Pacific,Upper middle income,2021,0,0.40919101290973897,0.48429936259266687,0.4139839022407648,0.43582475924772357,0.44550168375939553,0.4406632215035595,89,67,79,Elevated,1,Balanced cohort - no dominant bottleneck
India,South Asia,Lower middle income,2021,0,0.7150587545294023,0.6416592606970921,0.5325477348974595,0.629755250041318,0.6035994928100948,0.6166773714257064,43,43,42,High,1,Balanced cohort - no dominant bottleneck
Ireland,Europe & Central Asia,High income,2021,0,0.0,0.059989744190234874,0.034958570716851274,0.03164943830236205,0.032146187084215294,0.031897812693288674,178,177,178,Low,1,Balanced cohort - no dominant bottleneck
"Iran, Islamic Rep.","Middle East, North Africa, Afghanistan & Pakistan",Upper middle income,2021,0,0.6745814121926286,0.7166115989526692,0.27658068694652294,0.5559245660306069,0.42303391553525677,0.4894792407829318,60,72,64,Elevated,2,"Access-bottlenecked cohort (+0.11), relatively strong on utilisation (-0.19)"
Iraq,"Middle East, North Africa, Afghanistan & Pakistan",Upper middle income,2021,0,0.6747842125712751,0.4605780604779066,0.36006538105293817,0.49847588470070664,0.4352723985852195,0.46687414164296304,72,69,71,Elevated,0,"Availability-bottlenecked cohort (+0.22), relatively strong on utilisation (-0.13)"
Iceland,Europe & Central Asia,High income,2021,1,0.3833667419863612,0.09625342088559112,6.659563132658551e-05,0.15989558616775965,0.07590780621771998,0.11790169619273981,159,170,169,Low,0,"Availability-bottlenecked cohort (+0.22), relatively strong on utilisation (-0.13)"
Israel,"Middle East, North Africa, Afghanistan & Pakistan",High income,2021,1,0.4130644121276394,0.07785128638339066,0.01527666882311251,0.16873078911138084,0.09061845995415309,0.12967462453276696,156,167,162,Low,0,"Availability-bottlenecked cohort (+0.22), relatively strong on utilisation (-0.13)"
Italy,Europe & Central Asia,High income,2021,1,0.1911091623319297,0.18396279301867957,0.04415550893474041,0.13974248809511655,0.1000394567679939,0.11989097243155522,165,165,168,Low,1,Balanced cohort - no dominant bottleneck
Jamaica,Latin America & Caribbean ,Upper middle income,2021,0,0.8168514591182198,0.49002444351224567,0.26444092956599247,0.5237722773988193,0.40902908427063944,0.46640068083472935,66,79,72,Elevated,0,"Availability-bottlenecked cohort (+0.22), relatively strong on utilisation (-0.13)"
Jordan,"Middle East, North Africa, Afghanistan & Pakistan",Lower middle income,2021,0,0.8545446739853659,0.3473195850158138,0.29381785915494274,0.4985607060520408,0.4058222282735726,0.45219146716280667,71,80,76,Elevated,0,"Availability-bottlenecked cohort (+0.22), relatively strong on utilisation (-0.13)"
Japan,East Asia & Pacific,High income,2021,1,0.3511735551105735,0.1295063385750598,0.14773712739638623,0.2094723403606732,0.18216024453826973,0.19581629244947146,149,140,144,Low,0,"Availability-bottlenecked cohort (+0.22), relatively strong on utilisation (-0.13)"
Kazakhstan,Europe & Central Asia,Upper middle income,2021,0,0.5406039474736345,0.49266706990000037,0.11618959854418832,0.38315353863927437,0.26530012456164714,0.32422683160046073,104,117,110,Moderate,2,"Access-bottlenecked cohort (+0.11), relatively strong on utilisation (-0.19)"
Kenya,Sub-Saharan Africa ,Lower middle income,2021,0,0.9539852119521991,0.6983449097640188,0.7406161797215142,0.7976487671459106,0.7824244297413971,0.7900365984436539,19,23,20,High,0,"Availability-bottlenecked cohort (+0.22), relatively strong on utilisation (-0.13)"
Kyrgyz Republic,Europe & Central Asia,Lower middle income,2021,0,0.7155914987596954,0.6336776041670061,0.2723209611820893,0.5405300213695969,0.4202121814544307,0.4803711014120138,64,73,66,Elevated,2,"Access-bottlenecked cohort (+0.11), relatively strong on utilisation (-0.19)"
Cambodia,East Asia & Pacific,Lower middle income,2021,0,0.5918298795446908,0.5639588028750745,0.5546898289725434,0.5701595037974362,0.5788015961699607,0.5744805499836985,55,50,51,Elevated,1,Balanced cohort - no dominant bottleneck
Kiribati,East Asia & Pacific,Lower middle income,2021,2,0.4456083746609712,0.5660378801507663,0.5468441155782671,0.5194967901300015,0.55193609385421,0.5357164419921058,67,54,58,Elevated,1,Balanced cohort - no dominant bottleneck
"Korea, Rep.",East Asia & Pacific,High income,2021,0,0.19480308848144406,0.19895148953024075,0.08028838424098318,0.1580143207508893,0.12691855625899484,0.14246643850494206,160,154,156,Low,1,Balanced cohort - no dominant bottleneck
Kuwait,"Middle East, North Africa, Afghanistan & Pakistan",High income,2021,0,0.06641468682505403,0.21811764666485312,0.10068004270000824,0.12840412539663845,0.1208189007475991,0.12461151307211878,169,155,163,Low,1,Balanced cohort - no dominant bottleneck
Lao PDR,East Asia & Pacific,Lower middle income,2021,1,0.5476370528698615,0.724550750826405,0.5393025652193264,0.6038301229718643,0.6079583993921202,0.6058942611819922,46,42,44,High,1,Balanced cohort - no dominant bottleneck
Lebanon,"Middle East, North Africa, Afghanistan & Pakistan",Lower middle income,2021,0,0.6610743428352597,0.6607074088532914,0.3005846856404631,0.5407888124430047,0.41816879834104637,0.47947880539202553,63,74,67,Elevated,2,"Access-bottlenecked cohort (+0.11), relatively strong on utilisation (-0.19)"
Liberia,Sub-Saharan Africa ,Low income,2021,0,0.9847854620201167,0.6996411234546843,0.8455969119811036,0.8433411658186349,0.8463704978904343,0.8448558318545346,13,14,13,Severe,0,"Availability-bottlenecked cohort (+0.22), relatively strong on utilisation (-0.13)"
Libya,"Middle East, North Africa, Afghanistan & Pakistan",Upper middle income,2021,0,0.7392008639308856,0.41131609391615137,0.21900606246633228,0.45650767343778975,0.35347103364580057,0.40498935354179516,81,92,87,Elevated,0,"Availability-bottlenecked cohort (+0.22), relatively strong on utilisation (-0.13)"
St. Lucia,Latin America & Caribbean ,Upper middle income,2021,2,0.5321355276465796,0.373987017817578,0.14029581810653322,0.34880612119023024,0.26496420247359564,0.30688516183191294,114,118,113,Moderate,2,"Access-bottlenecked cohort (+0.11), relatively strong on utilisation (-0.19)"
Sri Lanka,South Asia,Lower middle income,2021,0,0.5063726404749982,0.5806703477203591,0.35578488146291437,0.4809426232194239,0.43712007039580836,0.45903134680761615,76,68,73,Elevated,2,"Access-bottlenecked cohort (+0.11), relatively strong on utilisation (-0.19)"
Lesotho,Sub-Saharan Africa ,Lower middle income,2021,1,0.8587737055506047,0.6028992767869532,0.786819550959965,0.7494975110991744,0.765135870345605,0.7573166907223897,25,28,27,High,1,Balanced cohort - no dominant bottleneck
Lithuania,Europe & Central Asia,High income,2021,0,0.39471772385174314,0.3144160691252167,0.01412327807542884,0.24108569035079622,0.14221938632706613,0.19165253833893117,142,148,147,Low,2,"Access-bottlenecked cohort (+0.11), relatively strong on utilisation (-0.19)"
Luxembourg,Europe & Central Asia,High income,2021,1,0.307903043519242,0.044761035923759095,0.030970382785414436,0.1278781540761385,0.07526305953685068,0.1015706068064946,170,172,170,Low,0,"Availability-bottlenecked cohort (+0.22), relatively strong on utilisation (-0.13)"
Latvia,Europe & Central Asia,High income,2021,0,0.42953725586889085,0.3089559987787077,0.08188189702779537,0.273458383891798,0.1914299217152122,0.2324441528035051,130,136,133,Moderate,2,"Access-bottlenecked cohort (+0.11), relatively strong on utilisation (-0.19)"
"Macao SAR, China",East Asia & Pacific,High income,2021,3,0.4159683715252603,0.09318252325225447,0.039702462750997015,0.18295111917617057,0.11818259633940838,0.15056685775778947,151,156,153,Low,0,"Availability-bottlenecked cohort (+0.22), relatively strong on utilisation (-0.13)"
Morocco,"Middle East, North Africa, Afghanistan & Pakistan",Lower middle income,2021,0,0.467610692284652,0.4956798730557672,0.33195964498599845,0.4317500701088059,0.40545355341322753,0.41860181176101674,92,81,83,Elevated,2,"Access-bottlenecked cohort (+0.11), relatively strong on utilisation (-0.19)"
Moldova,Europe & Central Asia,Upper middle income,2021,0,0.48760654663686576,0.6897056088972714,0.26299448400393693,0.48010221317935803,0.41690579937851974,0.4485040062789389,77,75,77,Elevated,2,"Access-bottlenecked cohort (+0.11), relatively strong on utilisation (-0.19)"
Madagascar,Sub-Saharan Africa ,Low income,2021,0,0.8718883073609652,0.7737929481766644,0.9648082170300804,0.87016315752257,0.9286197789102336,0.8993914682164018,8,2,3,Severe,1,Balanced cohort - no dominant bottleneck
Maldives,South Asia,Upper middle income,2021,1,0.6922508025573844,0.35013503223361114,0.18445151384691286,0.40894578287930283,0.31652199895746125,0.36273389091838204,99,105,101,Moderate,0,"Availability-bottlenecked cohort (+0.22), relatively strong on utilisation (-0.13)"
Mexico,Latin America & Caribbean ,Upper middle income,2021,0,0.3877350693532122,0.4486718097516736,0.1967185139104468,0.34437513100511086,0.2854064497232529,0.3148907903641819,115,110,111,Moderate,2,"Access-bottlenecked cohort (+0.11), relatively strong on utilisation (-0.19)"
Marshall Islands,East Asia & Pacific,Upper middle income,2021,4,0.5314722607617407,0.483712175584262,0.3315847623691313,0.448923066238378,0.4129848264563864,0.4309539463473822,86,77,81,Elevated,2,"Access-bottlenecked cohort (+0.11), relatively strong on utilisation (-0.19)"
North Macedonia,Europe & Central Asia,Upper middle income,2021,0,0.5288549291276408,0.4049542904349561,0.184246989780373,0.37268540311432324,0.29642521769308383,0.33455531040370357,107,108,106,Moderate,2,"Access-bottlenecked cohort (+0.11), relatively strong on utilisation (-0.19)"
Mali,Sub-Saharan Africa ,Low income,2021,0,0.6661042474961767,0.7359198135168142,0.7078188507428456,0.7032809705852788,0.7307043010105766,0.7169926357979277,35,31,33,High,1,Balanced cohort - no dominant bottleneck
Malta,"Middle East, North Africa, Afghanistan & Pakistan",High income,2021,1,0.18520518358531318,0.15516045058954595,0.11072737884456708,0.15036433767314206,0.13606086393813763,0.14321260080563986,163,151,155,Low,1,Balanced cohort - no dominant bottleneck
Myanmar,East Asia & Pacific,Lower middle income,2021,1,0.5693652715051132,0.6254746563586714,0.5363281967368292,0.5770560415335378,0.5811051571532931,0.5790805993434155,52,48,50,Elevated,1,Balanced cohort - no dominant bottleneck
Montenegro,Europe & Central Asia,Upper middle income,2021,0,0.37861414229469104,0.3558006301499359,0.037494506532420875,0.25730309299234927,0.16857167522952837,0.21293738411093882,135,144,140,Low,2,"Access-bottlenecked cohort (+0.11), relatively strong on utilisation (-0.19)"
Mongolia,East Asia & Pacific,Upper middle income,2021,0,0.6134963786308166,0.596691410816778,0.1721433819896152,0.46077705714573663,0.3437687805268968,0.4022729188363167,80,96,88,Elevated,2,"Access-bottlenecked cohort (+0.11), relatively strong on utilisation (-0.19)"
Mozambique,Sub-Saharan Africa ,Low income,2021,0,0.9651415886611238,0.7851258477726755,0.8964365063054749,0.8822346475797581,0.902951372466716,0.8925930100232371,6,4,5,Severe,1,Balanced cohort - no dominant bottleneck
Mauritania,Sub-Saharan Africa ,Lower middle income,2021,0,0.551638481005299,0.5677217694939528,0.5490132862159623,0.5561245122384048,0.5655294516059262,0.5608269819221654,59,51,54,Elevated,1,Balanced cohort - no dominant bottleneck
Mauritius,Sub-Saharan Africa ,Upper middle income,2021,1,0.22840172786177104,0.3818826345999809,0.2326000923957272,0.28096148495249307,0.2701909406736117,0.2755762128130524,128,114,124,Moderate,1,Balanced cohort - no dominant bottleneck
Malawi,Sub-Saharan Africa ,Low income,2021,0,0.6842284028819442,0.8399849341850852,0.7178268786043742,0.7473467385571345,0.7539186182776112,0.7506326784173729,27,30,30,High,1,Balanced cohort - no dominant bottleneck
Malaysia,East Asia & Pacific,Upper middle income,2021,0,0.5677745253273228,0.3687252357197324,0.24794940850116665,0.39481638984940726,0.33434100591777427,0.36457869788359076,100,99,100,Moderate,0,"Availability-bottlenecked cohort (+0.22), relatively strong on utilisation (-0.13)"
Namibia,Sub-Saharan Africa ,Lower middle income,2021,0,0.8687904967602591,0.4941537304109173,0.5865300916049077,0.6498247729253613,0.6215025936047746,0.635663683265068,40,40,40,High,0,"Availability-bottlenecked cohort (+0.22), relatively strong on utilisation (-0.13)"
New Caledonia,East Asia & Pacific,High income,2021,3,0.2308070943244307,0.1839374883203282,0.103510070009939,0.17275155088489927,0.14563196749834303,0.15919175919162115,154,147,151,Low,1,Balanced cohort - no dominant bottleneck
Niger,Sub-Saharan Africa ,Low income,2021,0,0.75,0.736264375439708,0.9143694843216457,0.8002112865871179,0.8695371772757249,0.8348742319314214,18,8,14,Severe,1,Balanced cohort - no dominant bottleneck
Nigeria,Sub-Saharan Africa ,Lower middle income,2021,0,0.7946507948488917,0.8280318540009661,0.8107908015634552,0.8111578168044377,0.8026617679387017,0.8069097923715697,16,20,19,High,1,Balanced cohort - no dominant bottleneck
Nicaragua,Latin America & Caribbean ,Lower middle income,2021,3,0.689528663274746,0.573863590140892,0.41839541848202694,0.560595890632555,0.5087685541010813,0.5346822223668182,58,59,59,Elevated,2,"Access-bottlenecked cohort (+0.11), relatively strong on utilisation (-0.19)"
Norway,Europe & Central Asia,High income,2021,1,0.3785811422539924,0.06929367265123872,0.0230567299722166,0.1569771816258159,0.08547772926473905,0.12122745544527747,162,168,167,Low,0,"Availability-bottlenecked cohort (+0.22), relatively strong on utilisation (-0.13)"
Nepal,South Asia,Lower middle income,2021,0,0.5167270324223492,0.5288196216957003,0.480137424306976,0.5085613594750085,0.5058418260631302,0.5072015927690694,68,60,62,Elevated,1,Balanced cohort - no dominant bottleneck
New Zealand,East Asia & Pacific,High income,2021,1,0.21760259179265662,0.16261546811940317,0.11301932352330159,0.16441246114512045,0.1405494629485793,0.15248096204684988,157,149,152,Low,1,Balanced cohort - no dominant bottleneck
Oman,"Middle East, North Africa, Afghanistan & Pakistan",High income,2021,0,0.22840172786177104,0.28608260384164136,0.22785068910180542,0.24744500693507263,0.24834972022342594,0.2478973635792493,139,121,129,Moderate,1,Balanced cohort - no dominant bottleneck
Pakistan,"Middle East, North Africa, Afghanistan & Pakistan",Lower middle income,2021,0,0.6832112338896902,0.6926360404948126,0.6067497070582792,0.6608656604809274,0.6443870955948997,0.6526263780379136,38,38,38,High,1,Balanced cohort - no dominant bottleneck
Panama,Latin America & Caribbean ,High income,2021,0,0.4871247516981997,0.35553496425876663,0.24658342000943975,0.36308104532213537,0.3189322333172199,0.3410066393196777,110,104,105,Moderate,0,"Availability-bottlenecked cohort (+0.22), relatively strong on utilisation (-0.13)"
Peru,Latin America & Caribbean ,Upper middle income,2021,0,0.4957022031507249,0.5061561455998289,0.3006943000330081,0.4341842162611873,0.3892095691825456,0.4116968927218665,90,83,85,Elevated,2,"Access-bottlenecked cohort (+0.11), relatively strong on utilisation (-0.19)"
Philippines,East Asia & Pacific,Lower middle income,2021,0,0.5203359912434238,0.5094476169182804,0.4456548927068424,0.4918128336228489,0.4818305052189132,0.486821669420881,74,62,65,Elevated,1,Balanced cohort - no dominant bottleneck
Papua New Guinea,East Asia & Pacific,Lower middle income,2021,0,0.738291813548837,0.5939578046358348,0.834091711042609,0.7221137764090937,0.7791548058735175,0.7506342911413055,31,25,29,High,1,Balanced cohort - no dominant bottleneck
Poland,Europe & Central Asia,High income,2021,0,0.28898901505136254,0.3695470332596631,0.0770429769399156,0.2451930084169804,0.17638200218506667,0.21078750530102353,141,142,142,Low,2,"Access-bottlenecked cohort (+0.11), relatively strong on utilisation (-0.19)"
Portugal,Europe & Central Asia,High income,2021,0,0.2570910823957502,0.23197350372021575,0.021501768828701324,0.17018878498155576,0.11078245008858877,0.14048561753507227,155,160,157,Low,2,"Access-bottlenecked cohort (+0.11), relatively strong on utilisation (-0.19)"
Paraguay,Latin America & Caribbean ,Upper middle income,2021,0,0.4669818463934212,0.488333432768889,0.2739230437820556,0.40974610764812197,0.35999960451843316,0.3848728560832776,98,89,96,Moderate,2,"Access-bottlenecked cohort (+0.11), relatively strong on utilisation (-0.19)"
French Polynesia,East Asia & Pacific,High income,2021,4,0.4483657797326037,0.2611253305948857,0.08480017189477544,0.26476376074075497,0.18967950245860274,0.22722163159967884,133,137,136,Low,0,"Availability-bottlenecked cohort (+0.22), relatively strong on utilisation (-0.13)"
Qatar,"Middle East, North Africa, Afghanistan & Pakistan",High income,2021,1,0.12753226162237163,0.04111428739716331,0.08780382433678464,0.08548345778543986,0.08144012468952211,0.08346179123748099,175,169,172,Low,1,Balanced cohort - no dominant bottleneck
Romania,Europe & Central Asia,High income,2021,0,0.21565771445832532,0.40352205902419963,0.13458066393659876,0.2512534791397079,0.20874189051015077,0.22999768482492933,137,133,134,Low,2,"Access-bottlenecked cohort (+0.11), relatively strong on utilisation (-0.19)"
Russian Federation,Europe & Central Asia,High income,2021,1,0.4645556718074128,0.4179405638714986,0.0929959591977219,0.3251640649588778,0.22260873348897262,0.2738863992239252,122,129,125,Moderate,2,"Access-bottlenecked cohort (+0.11), relatively strong on utilisation (-0.19)"
Rwanda,Sub-Saharan Africa ,Low income,2021,0,0.9093913708046533,0.6180959074275244,0.7157301881132684,0.7477391554484819,0.7540321355384358,0.7508856454934589,26,29,28,High,0,"Availability-bottlenecked cohort (+0.22), relatively strong on utilisation (-0.13)"
Saudi Arabia,"Middle East, North Africa, Afghanistan & Pakistan",High income,2021,0,0.24417037349803783,0.226162025402562,0.21658700952636067,0.22897313614232018,0.2208149691933969,0.22489405266785856,144,131,137,Low,1,Balanced cohort - no dominant bottleneck
Sudan,Sub-Saharan Africa ,Low income,2021,1,0.8039956803455723,0.8687307823010967,0.801391284450955,0.8247059156992079,0.8059696494634344,0.8153377825813212,15,18,17,Severe,1,Balanced cohort - no dominant bottleneck
Senegal,Sub-Saharan Africa ,Lower middle income,2021,0,0.703830193766158,0.5128245635003225,0.5600006771050099,0.5922184781238301,0.5871395452427822,0.5896790116833062,48,45,48,Elevated,1,Balanced cohort - no dominant bottleneck
Singapore,East Asia & Pacific,High income,2021,4,0.3511735551105735,0.04067238930470956,0.08054770355687356,0.1574645493240522,0.11351833684904739,0.1354914430865498,161,159,160,Low,0,"Availability-bottlenecked cohort (+0.22), relatively strong on utilisation (-0.13)"
Solomon Islands,East Asia & Pacific,Lower middle income,2021,0,0.8739062107172354,0.5464855655263986,0.7052105096666885,0.7085340953034409,0.720677545807539,0.7146058205554899,34,35,34,High,0,"Availability-bottlenecked cohort (+0.22), relatively strong on utilisation (-0.13)"
Sierra Leone,Sub-Saharan Africa ,Low income,2021,0,0.8692321663923697,0.7936475882161286,0.8813297897706626,0.848069848126387,0.8638637488994245,0.8559667985129058,12,10,10,Severe,1,Balanced cohort - no dominant bottleneck
El Salvador,Latin America & Caribbean ,Upper middle income,2021,0,0.6321091438736807,0.44532844404649663,0.27717605129253603,0.4515378797375711,0.3808225120851577,0.4161801959113644,84,84,84,Elevated,0,"Availability-bottlenecked cohort (+0.22), relatively strong on utilisation (-0.13)"
Serbia,Europe & Central Asia,Upper middle income,2021,0,0.17592539858665807,0.4519107639748261,0.08438476195509752,0.23740697483886053,0.18815872818195906,0.2127828515104098,143,139,141,Low,2,"Access-bottlenecked cohort (+0.11), relatively strong on utilisation (-0.19)"
South Sudan,Sub-Saharan Africa ,Low income,2021,1,0.9211420787414197,0.8559757753974143,0.852163544357357,0.8764271328320636,0.8762292390819234,0.8763281859569936,7,6,6,Severe,1,Balanced cohort - no dominant bottleneck
Sao Tome and Principe,Sub-Saharan Africa ,Lower middle income,2021,0,0.8668558665465346,0.5350882396533068,0.5460003943804148,0.649314833526752,0.5949953423933367,0.6221550879600444,41,44,41,High,0,"Availability-bottlenecked cohort (+0.22), relatively strong on utilisation (-0.13)"
Suriname,Latin America & Caribbean ,Upper middle income,2021,0,0.62959928859321,0.6751307553725647,0.289794907394973,0.5315083171202493,0.4137260118267528,0.472617164473501,65,76,69,Elevated,2,"Access-bottlenecked cohort (+0.11), relatively strong on utilisation (-0.19)"
Slovak Republic,Europe & Central Asia,High income,2021,1,0.4663833707195941,0.28385159647240604,0.19154792522221567,0.31392763080473857,0.26066871719243906,0.2872981739985888,125,119,121,Moderate,0,"Availability-bottlenecked cohort (+0.22), relatively strong on utilisation (-0.13)"
Slovenia,Europe & Central Asia,High income,2021,1,0.3434575828696026,0.22637686397072632,0.10810168083555848,0.2259787092252958,0.17796219729600127,0.20197045326064855,145,141,143,Low,0,"Availability-bottlenecked cohort (+0.22), relatively strong on utilisation (-0.13)"
Sweden,Europe & Central Asia,High income,2021,1,0.3965023629421816,0.04953121561434229,0.04576507611962788,0.1639328848920506,0.1013835664887326,0.1326582256903916,158,164,161,Low,0,"Availability-bottlenecked cohort (+0.22), relatively strong on utilisation (-0.13)"
Eswatini,Sub-Saharan Africa ,Lower middle income,2021,1,0.8498663102464328,0.49089899412988136,0.638242589386136,0.6596692979208166,0.6412135643421698,0.6504414311314932,39,39,39,High,0,"Availability-bottlenecked cohort (+0.22), relatively strong on utilisation (-0.13)"
Seychelles,Sub-Saharan Africa ,High income,2021,2,0.6240631217398012,0.6682191405681559,0.12234641933392897,0.4715428938806287,0.3321611644755754,0.40185202917810203,79,100,89,Elevated,2,"Access-bottlenecked cohort (+0.11), relatively strong on utilisation (-0.19)"
Syrian Arab Republic,"Middle East, North Africa, Afghanistan & Pakistan",Low income,2021,1,0.98752109505333,0.509986107092376,0.4199536847112399,0.6391536289523153,0.5403223709190517,0.5897379999356835,42,55,47,Elevated,0,"Availability-bottlenecked cohort (+0.22), relatively strong on utilisation (-0.13)"
Chad,Sub-Saharan Africa ,Low income,2021,0,0.9875809935205183,0.6650938168520886,0.8579394847830845,0.8368714317185638,0.8672695663692234,0.8520704990438936,14,9,12,Severe,0,"Availability-bottlenecked cohort (+0.22), relatively strong on utilisation (-0.13)"
Togo,Sub-Saharan Africa ,Low income,2021,0,0.8255885168087171,0.6183354481012264,0.8186820466950776,0.7542020038683405,0.7892847367371295,0.771743370302735,24,22,22,High,1,Balanced cohort - no dominant bottleneck
Thailand,East Asia & Pacific,Upper middle income,2021,0,0.6787926288258707,0.47810173379672877,0.3082955144718602,0.4883966256981532,0.42539483291390523,0.4568957293060292,75,71,74,Elevated,0,"Availability-bottlenecked cohort (+0.22), relatively strong on utilisation (-0.13)"
Tajikistan,Europe & Central Asia,Lower middle income,2021,1,0.5642788115045241,0.7816726455981233,0.3894729620300757,0.5784748063775743,0.5119870514574741,0.5452309289175242,51,58,57,Elevated,2,"Access-bottlenecked cohort (+0.11), relatively strong on utilisation (-0.19)"
Turkmenistan,Europe & Central Asia,Upper middle income,2021,1,0.6539738552865221,0.529465056481136,0.24010067666021376,0.47451319614262394,0.37909757063031946,0.42680538338647167,78,85,82,Elevated,2,"Access-bottlenecked cohort (+0.11), relatively strong on utilisation (-0.19)"
Timor-Leste,East Asia & Pacific,Lower middle income,2021,0,0.9733461707591913,0.5796180385512183,0.6860705238773918,0.7463449110626005,0.7254309810575628,0.7358879460600816,28,32,31,High,0,"Availability-bottlenecked cohort (+0.22), relatively strong on utilisation (-0.13)"
Tonga,East Asia & Pacific,Upper middle income,2021,2,0.5314722607617407,0.5466502736058315,0.02511627435512856,0.36774626957423356,0.23423184388872872,0.30098905673148113,108,123,117,Moderate,2,"Access-bottlenecked cohort (+0.11), relatively strong on utilisation (-0.19)"
Trinidad and Tobago,Latin America & Caribbean ,High income,2021,0,0.7316889369929755,0.29828984518749824,0.2445878864403852,0.424855556206953,0.34084293205584537,0.3828492441313992,94,97,97,Moderate,0,"Availability-bottlenecked cohort (+0.22), relatively strong on utilisation (-0.13)"
Tunisia,"Middle East, North Africa, Afghanistan & Pakistan",Lower middle income,2021,0,0.4585937934713944,0.48155429799631194,0.2289194583030069,0.38968918325690444,0.3228287478938724,0.3562589655753884,103,103,103,Moderate,2,"Access-bottlenecked cohort (+0.11), relatively strong on utilisation (-0.19)"
Tuvalu,East Asia & Pacific,Upper middle income,2021,4,0.5314722607617407,0.48593965142467294,0.22004161064688574,0.4124845076110997,0.34642919677195,0.37945685219152486,97,95,98,Moderate,2,"Access-bottlenecked cohort (+0.11), relatively strong on utilisation (-0.19)"
Uganda,Sub-Saharan Africa ,Low income,2021,0,0.8407494339641155,0.7039914068174248,0.8239334711131884,0.7895581039649096,0.8270668231380022,0.8083124635514558,20,16,18,Severe,1,Balanced cohort - no dominant bottleneck
Ukraine,Europe & Central Asia,Upper middle income,2021,0,0.5113671839097853,0.5527522692352704,0.23724408854706167,0.4337878472307058,0.35161789118355136,0.3927028692071286,91,93,93,Moderate,2,"Access-bottlenecked cohort (+0.11), relatively strong on utilisation (-0.19)"
Uruguay,Latin America & Caribbean ,High income,2021,0,0.3141612877413312,0.4242944552651913,0.1318166565984572,0.29009079986832653,0.22316803690572767,0.25662941838702713,127,128,128,Moderate,2,"Access-bottlenecked cohort (+0.11), relatively strong on utilisation (-0.19)"
United States,North America,High income,2021,0,0.013826399185642768,0.08844787171734243,0.019306065477375532,0.04052677879345357,0.025960819581602516,0.033243799187528046,177,178,177,Low,1,Balanced cohort - no dominant bottleneck
Uzbekistan,Europe & Central Asia,Lower middle income,2021,0,0.32911312687537964,0.6615343791368923,0.18706685244293988,0.39257145281840394,0.31547842069603693,0.35402493675722047,101,106,104,Moderate,2,"Access-bottlenecked cohort (+0.11), relatively strong on utilisation (-0.19)"
St. Vincent and the Grenadines,Latin America & Caribbean ,Upper middle income,2021,3,0.29319654427645786,0.3639753307277367,0.1379526642729114,0.2650415130923687,0.22611393099951782,0.24557772204594325,132,125,130,Moderate,2,"Access-bottlenecked cohort (+0.11), relatively strong on utilisation (-0.19)"
"Venezuela, RB",Latin America & Caribbean ,Not classified,2021,1,0.7075784483888448,0.4483449213088573,0.3659668200419546,0.5072967299132188,0.4469820736828228,0.47713940179802083,69,65,68,Elevated,0,"Availability-bottlenecked cohort (+0.22), relatively strong on utilisation (-0.13)"
Vanuatu,East Asia & Pacific,Lower middle income,2021,0,0.6852051835853132,0.5892718269955408,0.5285752429648329,0.6010174178485623,0.5857004389734154,0.5933589284109888,47,46,45,High,1,Balanced cohort - no dominant bottleneck
Samoa,East Asia & Pacific,Upper middle income,2021,1,0.45587830827793946,0.5212788839726166,0.14230671052658886,0.3731546342590483,0.2923063862903868,0.33273051027471756,106,109,109,Moderate,2,"Access-bottlenecked cohort (+0.11), relatively strong on utilisation (-0.19)"
"Yemen, Rep.","Middle East, North Africa, Afghanistan & Pakistan",Low income,2021,3,0.9144112545663223,0.5899684652644498,0.7891955769155777,0.76452509891545,0.7754369726440916,0.7699810357797707,22,26,23,High,0,"Availability-bottlenecked cohort (+0.22), relatively strong on utilisation (-0.13)"
South Africa,Sub-Saharan Africa ,Upper middle income,2021,0,0.5404849055530423,0.4076871798713932,0.41063489132321007,0.4529356589158819,0.4346347735077656,0.44378521621182376,83,70,78,Elevated,1,Balanced cohort - no dominant bottleneck
Zambia,Sub-Saharan Africa ,Lower middle income,2021,0,0.8883522029870679,0.958135319344034,0.8053369185470624,0.8839414802927213,0.8520181687480027,0.867979824520362,4,13,7,Severe,1,Balanced cohort - no dominant bottleneck
Zimbabwe,Sub-Saharan Africa ,Lower middle income,2021,0,0.9292548785926169,0.9283269361304128,0.733255166714986,0.8636123271460052,0.805436772012519,0.8345245495792621,9,19,15,Severe,2,"Access-bottlenecked cohort (+0.11), relatively strong on utilisation (-0.19)"
